{"rmse": 2.9613516494477183, "mae": 2.259989826314137, "accuracy": 0.9875007988703496}