{"rmse": 2.3072861293112275, "mae": 1.5176163714619486, "accuracy": 0.9904532301713708}