{"rmse": 2.0600502761413693, "mae": 1.3263960705921503, "accuracy": 0.9927318521826042}