{"rmse": 3.8440373363828173, "mae": 2.7091174943946172, "accuracy": 0.9772421469831721}