{"rmse": 2.9181797386084085, "mae": 2.1906626334427415, "accuracy": 0.9841192657362036}