{"rmse": 4.041063352198812, "mae": 3.071488873228891, "accuracy": 0.9834865286143828}