{"rmse": 0.6843679673753934, "mae": 0.5491228082204247, "accuracy": 0.9836996197526539}