{"rmse": 0.5992372993596882, "mae": 0.4452451004307716, "accuracy": 0.9856847513671744}