{"rmse": 0.9454048058980002, "mae": 0.6978083270550712, "accuracy": 0.9879223798456105}