{"rmse": 0.882022152249867, "mae": 0.6441471846302524, "accuracy": 0.9876831458508988}