{"rmse": 4.991433481323428, "mae": 3.5668961075895185, "accuracy": 0.9871165136869203}