{"rmse": 4.94042552123821, "mae": 3.3027109643502306, "accuracy": 0.9891248698016473}