{"rmse": 0.6292399399735719, "mae": 0.45206205391876353, "accuracy": 0.9884808381267234}