{"rmse": 2.8270360366713496, "mae": 2.3213335628046416, "accuracy": 0.9793370407047953}