{"rmse": 9.304565416053046, "mae": 6.668698555303511, "accuracy": 0.9895913590803589}