{"rmse": 5.161766075350087, "mae": 3.4047716293509342, "accuracy": 0.9844571926651591}