{"rmse": 2.6367786020166477, "mae": 2.0055367844639513, "accuracy": 0.9873137323609662}