{"rmse": 7.610169216716654, "mae": 5.874038795800811, "accuracy": 0.9849710875784141}