{"rmse": 1.8617676978448683, "mae": 1.285458214328622, "accuracy": 0.9868858318663821}