{"rmse": 2.201694741451746, "mae": 1.397667681673913, "accuracy": 0.9868661880701748}