{"rmse": 2.6078641471926023, "mae": 1.902987997252328, "accuracy": 0.9854251379646533}