{"rmse": 6.50176337831093, "mae": 4.442896211103922, "accuracy": 0.9885579385656397}