{"rmse": 5.413879564303273, "mae": 4.116746158658151, "accuracy": 0.9876362216008528}