{"rmse": 2.4209337916958815, "mae": 1.7962165400599919, "accuracy": 0.9909935412785829}