{"rmse": 8.55426872236895, "mae": 5.491572165123126, "accuracy": 0.9866527789810392}