{"rmse": 10.238257465891325, "mae": 7.57628835909455, "accuracy": 0.9851833253747905}