{"rmse": 1.8766187944651895, "mae": 1.4433836595948768, "accuracy": 0.9909440306192737}