{"rmse": 2.4745174358047297, "mae": 1.6324693387102658, "accuracy": 0.9898591103756769}