{"rmse": 0.5986791940063633, "mae": 0.46294770821264464, "accuracy": 0.992440057315529}