{"rmse": 5.908071537969633, "mae": 4.050776292730221, "accuracy": 0.9913726019322779}