{"rmse": 3.476534025165358, "mae": 2.5976809969632093, "accuracy": 0.9880746051154901}