{"rmse": 8.402596780670159, "mae": 5.418506846718015, "accuracy": 0.9842585128897877}