{"rmse": 1.933460624609462, "mae": 1.2201470839691844, "accuracy": 0.9875674684994539}