{"rmse": 0.544352512883484, "mae": 0.37194961565729523, "accuracy": 0.9918161053035983}