{"rmse": 2.8898173945133854, "mae": 2.1417544843573073, "accuracy": 0.9849595334964787}