{"rmse": 1.5295835873065577, "mae": 1.099109726614696, "accuracy": 0.9900351340444542}