{"rmse": 5.233471138742977, "mae": 4.043172823545544, "accuracy": 0.9877841886734838}