{"rmse": 10.463114293576883, "mae": 7.424719285404172, "accuracy": 0.9829499696661388}