{"rmse": 2.1177302649883303, "mae": 1.383570384603421, "accuracy": 0.9860794515528848}