{"rmse": 7.860307475195225, "mae": 5.841751732666064, "accuracy": 0.9876325106339225}