{"rmse": 4.698355996759346, "mae": 2.8058792200904232, "accuracy": 0.9646772337009927}