{"rmse": 1.9721125287025205, "mae": 1.505826099048554, "accuracy": 0.9912704438970507}