{"rmse": 0.5729804864068786, "mae": 0.4337614643688072, "accuracy": 0.9874814115827427}