{"rmse": 3.293647618482818, "mae": 2.6936733655337908, "accuracy": 0.9779662521069364}