{"rmse": 3.5718318935256685, "mae": 2.640480266118776, "accuracy": 0.9812485153101961}