{"rmse": 1.53723521853514, "mae": 1.1841069872633831, "accuracy": 0.987521080315475}