{"rmse": 1.8716273290795844, "mae": 1.2427607073319586, "accuracy": 0.9867348203247667}