{"rmse": 1.0252971861743296, "mae": 0.7630422269942284, "accuracy": 0.984214942215456}