{"rmse": 0.27451558659178776, "mae": 0.19483600060624853, "accuracy": 0.9890000023655804}