{"rmse": 3.6621453333098963, "mae": 2.49018624574072, "accuracy": 0.9830158121995523}