{"rmse": 9.372523511045994, "mae": 7.225823664948886, "accuracy": 0.966378473180366}