{"rmse": 1.0302351386269082, "mae": 0.7074010324428043, "accuracy": 0.9878521154854926}