{"rmse": 7.937994351930977, "mae": 5.460102811106334, "accuracy": 0.9894426374365626}