{"rmse": 2.808929497425226, "mae": 2.0551852741446246, "accuracy": 0.9914836925616572}