{"rmse": 3.0389430360177005, "mae": 2.3378925763635587, "accuracy": 0.9824474813830977}