{"rmse": 0.5674412791704514, "mae": 0.41739774695233806, "accuracy": 0.989184920797397}