{"rmse": 0.9033879220411473, "mae": 0.6309007689001503, "accuracy": 0.9870429328732807}