{"rmse": 0.7022651393681774, "mae": 0.4858561317156674, "accuracy": 0.9916851854541202}