{"rmse": 1.688241602877406, "mae": 1.3115581991387386, "accuracy": 0.9878919796502076}