{"rmse": 1.5152485787187584, "mae": 1.0274476990948724, "accuracy": 0.9791998382203392}